{ "2076": { "mm-dd": [ "cause", "type", "description", "cause_np" ], "01-01": [ "New Year 2076", "national", "Public Holiday", "नयाँ वर्ष" ], "01-18": [ "World Labour Day", "national", "Public Holiday", "अन्तर्राष्ट्रिय श्रमिक दिवस" ], "02-04": [ "Buddha Jayanti / Uvauli Parba / Baisakh Purnima", "national", "Public Holiday", "बुद्ध जयन्ती" ], "04-31": [ "Sa: Paru", "specific", "For Kathmandu Valley Only", "साः पारु" ], "05-06": [ "Gaura Parba", "specific", "For Particular Religion Only", "गौरा पर्व" ], "05-16": [ "Teej", "specific", "For Ladies Only", "तीज" ], "05-27": [ "Indra Jatra", "specific", "For Kathmandu Valley Only", "इन्द्र जात्रा" ], "06-03": [ "Nepal Constitution Day", "national", "Public Holiday", "संविधान दिवस" ], "06-05": [ "Jitiya Parba", "specific", "For Ladies of Particular Religion Only", "जितिया पर्व" ], "06-18": [ "Dashain 2076", "national", "Public Holiday", "दसैं २०७६" ], "06-19": [ "Dashain 2076", "national", "Public Holiday", "दसैं २०७६" ], "06-20": [ "Dashain 2076", "national", "Public Holiday", "दसैं २०७६" ], "06-21": [ "Dashain 2076", "national", "Public Holiday", "दसैं २०७६" ], "06-22": [ "Dashain 2076", "national", "Public Holiday", "दसैं २०७६" ], "07-10": [ "Tihar 2076", "national", "Public Holiday", "तिहार २०७६" ], "07-11": [ "Tihar 2076", "national", "Public Holiday", "तिहार २०७६" ], "07-12": [ "Tihar 2076 / Nepal Sambat 1140", "national", "Public Holiday", "नेपाल सम्वत् ११४० प्रारम्भ" ], "07-25": [ "Falgunanda Jayanti", "specific", "For Kirat Only", "फालगुनन्द जयन्ती" ], "08-16": [ "Chhath Parba", "specific", "For Particular Religion Only", "छठ पर्व" ], "08-17": [ "International Disability Day", "specific", "For Disabled Employees Only", "अन्तर्राष्ट्रिय अपाङ्गता दिवस" ], "08-26": [ "Yomari Punhi / Udhauli / Guru Nanak Jayanti", "specific", "For Particular Religion Only / Sikhs Only", "यः मरी पुन्हि" ], "09-09": [ "Christmas Day", "specific", "For Particular Religion Only", "क्रिसमस डे" ], "09-15": [ "Tamu Loshar", "specific", "For Particular Religion Only", "तमु ल्होसार" ], "10-01": [ "Maghe Sankranti", "specific", "For Particular Religion Only", "माघे सङ्क्रान्ति" ], "10-11": [ "Sonam Loshar", "specific", "For Particular Religion Only", "सोनम ल्होसार" ], "10-16": [ "Saraswati Puja", "specific", "For Educational Institution Only", "सरस्वती पूजा" ], "11-09": [ "Maha Shivaratri", "national", "Public Holiday", "महा शिवरात्री" ], "11-12": [ "Gyalpo Loshar", "specific", "For Particular Religion Only", "ग्याल्पो ल्होसार" ], "11-25": [ "International Womens Day", "national", "Public Holiday", "अन्तर्राष्ट्रिय महिला दिवस" ], "11-26": [ "Holi (Hilly Area)", "specific", "In 56 Hilly Districts", "होली" ], "11-27": [ "Holi (Tarai Area)", "specific", "In 19 Southern Districts", "होली" ], "12-11": [ "Ghode Jatra", "specific", "For Kathmandu Valley Only", "घोडे जात्रा" ], "source": "https://moha.gov.np/public/upload/e66443e81e8cc9c4fa5c099a1fb1bb87/files/BIDA_2076_Rajpatra(1).pdf" }, "2077": { "mm-dd": [ "cause", "type", "description", "cause_np" ], "01-01": [ "New Year 2077", "national", "Public Holiday", "नयाँ वर्ष" ], "01-19": [ "World Labour Day", "national", "Public Holiday", "अन्तर्राष्ट्रिय श्रमिक दिवस" ], "01-25": [ "Uvauli Parba / Baisakh Purnima", "national", "Public Holiday", "बुद्ध जयन्ती" ], "04-20": [ "Sa: Paru", "specific", "For Kathmandu Valley Only", "साः पारु" ], "05-05": [ "Teej", "specific", "For Ladies Only", "तीज" ], "05-10": [ "Gaura Parba", "specific", "For Particular Religion Only", "गौरा पर्व" ], "05-16": [ "Indra Jatra", "specific", "For Kathmandu Valley Only", "इन्द्र जात्रा" ], "05-25": [ "Jitiya Parba", "specific", "For Ladies of Particular Religion Only", "जितिया पर्व" ], "06-03": [ "Nepal Constitution Day", "national", "Public Holiday", "संविधान दिवस" ], "07-07": [ "Dashain 2077", "national", "Public Holiday", "दसैं २०७७" ], "07-08": [ "Dashain 2077", "national", "Public Holiday", "दसैं २०७७" ], "07-09": [ "Dashain 2077", "national", "Public Holiday", "दसैं २०७७" ], "07-10": [ "Dashain 2077", "national", "Public Holiday", "दसैं २०७७" ], "07-11": [ "Dashain 2077", "national", "Public Holiday", "दसैं २०७७" ], "07-25": [ "Falgunanda Jayanti", "specific", "For Kirat Only", "फालगुनन्द जयन्ती" ], "07-29": [ "Tihar 2077", "national", "Public Holiday", "तिहार २०७७" ], "07-30": [ "Tihar 2077", "national", "Public Holiday", "तिहार २०७७" ], "08-01": [ "Nepal Sambat 1141", "national", "Public Holiday", "नेपाल सम्वत् ११४१ प्रारम्भ" ], "08-05": [ "Chhath Parba", "specific", "For Particular Religion Only", "छठ पर्व" ], "08-15": [ "Guru Nanak Jayanti", "specific", "For Nepalese Sikhs Only", "गुरु नानक जयन्ती" ], "08-18": [ "International Disability Day", "specific", "For Disabled Employees Only", "अन्तर्राष्ट्रिय अपाङ्गता दिवस" ], "09-10": [ "Christmas Day", "specific", "For Particular Religion Only", "क्रिसमस डे" ], "10-01": [ "Maghe Sankranti", "specific", "For Particular Religion Only", "माघे सङ्क्रान्ति" ], "10-30": [ "Sonam Loshar", "specific", "For Particular Religion Only", "सोनम ल्होसार" ], "11-04": [ "Saraswati Puja", "specific", "For Educational Institution Only", "सरस्वती पूजा" ], "11-24": [ "International Womens Day", "national", "Public Holiday", "अन्तर्राष्ट्रिय महिला दिवस" ], "12-01": [ "Gyalpo Loshar", "specific", "For Particular Religion Only", "ग्याल्पो ल्होसार" ], "12-29": [ "Ghode Jatra", "specific", "For Kathmandu Valley Only", "घोडे जात्रा" ], "source": "https://moha.gov.np/en/post/public-festival-holiday-and-time-schedule-of-office-for-the-year-2077" }, "2078": { "mm-dd": [ "cause", "type", "description", "cause_np" ], "01-01": [ "New Year 2078", "national", "Public Holiday", "नयाँ वर्ष" ], "01-18": [ "World Labour Day", "national", "Public Holiday", "अन्तर्राष्ट्रिय श्रमिक दिवस" ], "02-12": [ "Uvauli Parba / Baisakh Purnima", "national", "Public Holiday", "बुद्ध जयन्ती" ], "02-15": [ "Republic Day", "national", "Public Holiday", "गणतन्त्र दिवस" ], "04-06": [ "Eid-Ul-Adha", "national", "Public Holiday", "ईद-उल-अदा" ], "05-06": [ "Rakshyabandhan", "national", "Public Holiday", "रक्षाबन्धन" ], "05-07": [ "Sa: Paru", "specific", "For Newar Community Only", "साः पारु" ], "05-14": [ "Krishna Janmasthami / Gaura Parba", "national", "Public Holiday", "श्रीकृष्ण जन्माष्टमी" ], "05-24": [ "Teej", "specific", "For Ladies Only", "तीज" ], "06-03": [ "Nepal Constitution Day / Indra Jatra", "national", "Public Holiday", "संविधान दिवस / इन्द्र जात्रा" ], "06-13": [ "Jitiya Parba", "specific", "For Ladies of Particular Religion Only", "जितिया पर्व" ], "06-21": [ "Ghatasthapana", "national", "Public Holiday", "घटस्थापना" ], "06-26": [ "Dashain 2078", "national", "Public Holiday", "दसैं २०७८" ], "06-27": [ "Dashain 2078", "national", "Public Holiday", "दसैं २०७८" ], "06-28": [ "Dashain 2078", "national", "Public Holiday", "दसैं २०७८" ], "06-29": [ "Dashain 2078", "national", "Public Holiday", "दसैं २०७८" ], "06-30": [ "Dashain 2078", "national", "Public Holiday", "दसैं २०७८" ], "07-02": [ "Prophet Muhammad's Birthday", "specific", "For Particular Religion Only", "मोहम्मद जन्म जयन्ती" ], "07-18": [ "Tihar 2078", "national", "Public Holiday", "तिहार २०७८" ], "07-19": [ "Tihar 2078 / Nepal Sambat 1142", "national", "Public Holiday", "नेपाल सम्वत् ११४२ प्रारम्भ" ], "07-20": [ "Tihar 2078", "national", "Public Holiday", "तिहार २०७८" ], "07-21": [ "Tihar 2078", "national", "Public Holiday", "तिहार २०७८" ], "07-24": [ "Chhath Parba", "national", "Public Holiday", "छठ पर्व" ], "07-25": [ "Falgunanda Jayanti", "specific", "For Kirat Only", "फालगुनन्द जयन्ती" ], "08-03": [ "Guru Nanak Jayanti", "specific", "For Nepalese Sikhs Only", "गुरु नानक जयन्ती" ], "08-17": [ "International Disability Day", "specific", "For Disabled Employees Only", "अन्तर्राष्ट्रिय अपाङ्गता दिवस" ], "09-04": [ "Yomari Punhi / Udhauli", "specific", "For Kathmandu Valley or Particular Community Only", "यः मरी पुन्हि" ], "09-10": [ "Christmas Day", "national", "Public Holiday", "क्रिसमस डे" ], "09-15": [ "Tamu Loshar", "national", "Public Holiday", "तमु ल्होसार" ], "10-01": [ "Maghe Sankranti", "national", "Public Holiday", "माघे सङ्क्रान्ति" ], "10-19": [ "Sonam Loshar", "national", "Public Holiday", "सोनम ल्होसार" ], "10-23": [ "Saraswati Puja", "specific", "For Educational Institution Only", "सरस्वती पूजा" ], "11-03": [ "Lumbini Province Estd Day", "specific", "In Lumbini Province Only", "लुम्बिनी प्रदेश स्थापना दिवस" ], "11-04": [ "Gandaki Province Estd Day", "specific", "In Gandaki Province Only", "गण्डकी प्रदेश स्थापना दिवस" ], "11-07": [ "National Democracy Day", "national", "Public Holiday", "प्रजातन्त्र दिवस" ], "11-17": [ "Maha Shivaratri", "national", "Public Holiday", "महा शिवरात्री" ], "11-19": [ "Gyalpo Loshar", "national", "Public Holiday", "ग्याल्पो ल्होसार" ], "11-24": [ "International Womens Day", "national", "Public Holiday", "अन्तर्राष्ट्रिय महिला दिवस" ], "12-03": [ "Holi (Hilly Area)", "specific", "In 56 Hilly Districts", "होली" ], "12-04": [ "Holi (Tarai Area)", "specific", "In 21 Southern Districts", "होली" ], "12-18": [ "Ghode Jatra", "specific", "For Kathmandu Valley Only", "घोडे जात्रा" ], "12-27": [ "Ram Nawami", "national", "Public Holiday", "राम नवमी" ], "source": "https://moha.gov.np/public/upload/e66443e81e8cc9c4fa5c099a1fb1bb87/files/%E0%A4%B8%E0%A4%AE%E0%A5%8D%E0%A4%B5%E0%A4%A4%E0%A5%8D_%E0%A5%A8%E0%A5%A6%E0%A5%AD%E0%A5%AE_%E0%A4%B8%E0%A4%BE%E0%A4%B2%E0%A4%AE%E0%A4%BE_%E0%A4%A6%E0%A4%BF%E0%A4%87%E0%A4%A8%E0%A5%87_%E0%A4%B8%E0%A4%BE%E0%A4%B0%E0%A5%8D%E0%A4%B5%E0%A4%9C%E0%A4%A8%E0%A4%BF%E0%A4%95_%E0%A4%AC%E0%A4%BF%E0%A4%A6%E0%A4%BE%E0%A4%B9%E0%A4%B0%E0%A5%81.pdf" }, "2079": { "mm-dd": [ "cause", "type", "description", "cause_np" ], "01-01": [ "New Year 2079", "national", "Public Holiday", "नयाँ वर्ष" ], "01-02": [ "Siruwa Pawani Day", "specific", "For Jhapa, Morang, Sunsari, Siraha and Saptari District", "सिरुवा पवानी दिवस" ], "01-18": [ "World Labour Day", "national", "Public Holiday", "अन्तर्राष्ट्रिय श्रमिक दिवस" ], "01-20": [ "Id-Ul-Fitr", "national", "Public Holiday", "ईद-उल‍-फित्र" ], "01-30": [ "Local Level Election 2079", "national", "Public Holiday", "स्थानीय तह निर्वाचन २०७९" ], "02-02": [ "Buddha Purnima / Uvauli Parba / Baisakh Purnima", "national", "Public Holiday", "बुद्ध जयन्ती" ], "02-15": [ "Republic Day", "national", "Public Holiday", "गणतन्त्र दिवस" ], "02-21": [ "Sri Rato Machchindranath's Bhoto Showing Ceremony", "national", "Public Holiday", "श्री रातो मच्छिन्द्रनाथ भोटो जात्रा" ], "03-26": [ "Id-Ul-Ajaha", "national", "Public Holiday", "ईद-उल-अजहा" ], "04-27": [ "Sa: Paru / Rakshyabandhan", "national", "Public Holiday", "साः पारु, रक्षाबन्धन" ], "05-03": [ "Shree Krishna Janmasthami", "national", "Public Holiday", "श्रीकृष्ण जन्माष्टमी" ], "05-04": [ "Radha Krishna Rath Yatra", "specific", "In Province 1 Only", "राधा कृष्ण रथ यात्रा" ], "05-14": [ "Teej", "specific", "For Ladies Only", "तीज" ], "05-18": [ "Gaura Parba", "specific", "For Particular Community Only", "गौरा पर्व" ], "05-24": [ "Yenya Punhi", "specific", "For Kathmandu Valley Only", "येँया पुन्हि" ], "05-28": [ "Gaura Parba", "specific", "For Particular Community / Region Only", "गौरा पर्व" ], "06-02": [ "Jitiya Parba", "specific", "For Females of Particular Religion Only", "जितिया पर्व" ], "06-03": [ "Nepal Constitution Day", "national", "Public Holiday", "संविधान दिवस" ], "06-10": [ "Ghatasthapana", "national", "Public Holiday", "घटस्थापना" ], "06-16": [ "Fulpati / Dashain 2079", "national", "Public Holiday", "फूलपाती" ], "06-17": [ "Kuchhi Vwya / Dashain 2079", "national", "Public Holiday", "कुछि भ्वय्" ], "06-18": [ "Maha Nawami / Dashain 2079", "national", "Public Holiday", "महानवमी" ], "06-19": [ "Dashami / Dashain 2079", "national", "Public Holiday", "विजया दशमी" ], "06-20": [ "Dashain 2079", "national", "Public Holiday", "दसैं २०७९" ], "06-21": [ "Dashain 2079", "national", "Public Holiday", "दसैं २०७९" ], "06-23": [ "Kojagrat Poornima", "specific", "In Gandaki Province Only", "कोजाग्रत पूर्णिमा" ], "07-01": [ "Mourning Satyamohan Joshi's Demise", "national", "Public Holiday", "सत्य मोहन जोशी शोक बिदा" ], "07-07": [ "Laxmi Puja / Tihar 2079", "national", "Public Holiday", "लक्ष्मी पूजा" ], "07-08": [ "Tihar 2079", "national", "Public Holiday", "म्हः पूजा" ], "07-09": [ "Mha Puja / Tihar 2079 / Nepal Sambat 1143", "national", "Public Holiday", "किजा पूजा" ], "07-10": [ "Kija Puja / Tihar 2079", "national", "Public Holiday", "किजा पूजा" ], "07-11": [ "Tihar 2079", "national", "Public Holiday", "तिहार २०७९" ], "07-13": [ "Chhath Parba", "national", "Public Holiday", "छठ पर्व" ], "07-14": [ "Chhath Parba", "specific", "In Province 1 and Madesh Province Only", "छठ पर्व" ], "07-22": [ "Guru Nanak Jayanti / Baraha Kshetra Mela", "specific", "For Nepalese Sikhs Only / In Dharan Municipality Offices Only", "गुरु नानक जयन्ती" ], "07-25": [ "Falgunanda Jayanti", "specific", "For Kirat Only and/or Province 1 Only", "फाल्गुनन्द जयन्ती" ], "08-04": [ "Parliament and Provincial Election 2079", "national", "Public Holiday", "प्रदेश तथा प्रतिनिधि सभा निर्वाचन २०७९" ], "08-05": [ "Parliament and Provincial Election 2079", "national", "Public Holiday", "प्रदेश तथा प्रतिनिधि सभा निर्वाचन २०७९" ], "08-12": [ "Bibaha Panchami", "specific", "In Madhesh Province Only", "विवाह पञ्चमी" ], "08-17": [ "International Disability Day", "specific", "For Disabled Employees Only", "अन्तर्राष्ट्रिय अपाङ्गता दिवस" ], "08-22": [ "Yomari Punhi / Udhauli Parba", "national", "Public Holiday", "यःमरी पुन्हि" ], "09-10": [ "Christmas Day", "national", "Public Holiday", "क्रिसमस डे" ], "09-15": [ "Tamu Loshar", "national", "Public Holiday", "तमु ल्होसार" ], "09-27": [ "Prithvi Jayanti", "national", "Public Holiday", "पृथ्वी जयन्ती" ], "10-01": [ "Maghe Sankranti", "national", "Public Holiday", "माघे सङ्क्रान्ति" ], "10-02": [ "Bereavement Holiday / (Maghe Sankranti)", "national", "Public Holiday / (In Lumbini Province Only)", "यती एअरलाइन्स बिमान दुर्घटना शोक बिदा" ], "10-05": [ "Balidali Diwas / Madhesh Andolan Smriti Diwas", "specific", "In Madesh Province Only", "बलिदानी दिवस / मधेश आन्दोलन स्मृति दिवस" ], "10-08": [ "Sonam Loshar", "national", "Public Holiday", "सोनम ल्होसार" ], "10-12": [ "Saraswati Puja", "specific", "For Educational Institution Only", "सरस्वती पूजा" ], "11-01": [ "Janayuddha Diwas", "national", "Public Holiday", "जनयुद्ध दिवस" ], "11-03": [ "Lumbini Province Estd Day", "specific", "In Lumbini Province Only", "लुम्बिनी प्रदेश स्थापना दिवस" ], "11-04": [ "Gandaki Province Estd Day", "specific", "In Gandaki Province Only", "गण्डकी प्रदेश स्थापना दिवस" ], "11-06": [ "Maha Shivaratri", "national", "Public Holiday", "महा शिवरात्री" ], "11-07": [ "National Democracy Day", "national", "Public Holiday", "प्रजातन्त्र दिवस" ], "11-09": [ "Gyalpo Loshar", "national", "Public Holiday", "ग्याल्पो ल्होसार" ], "11-18": [ "Koshi Province Naming Holiday", "specific", "In Koshi Province Only", "कोशी प्रदेश नामाङ्कन बिदा" ], "11-24": [ "International Womens Day", "national", "Public Holiday", "अन्तर्राष्ट्रिय महिला दिवस" ], "11-22": [ "Holi (Hilly Area)", "specific", "In 56 Hilly Districts", "होली" ], "11-23": [ "Holi (Tarai Area)", "specific", "In 21 Southern Districts", "होली" ], "11-30": [ "Khakhadehara Festival", "specific", "In Sudurpashchim Province Only", "खखडेहरा पर्व" ], "12-07": [ "Ghode Jatra", "specific", "For Kathmandu Valley Only", "घोडे जात्रा" ], "12-16": [ "Ram Nawami", "specific", "In Madhesh and Karnali Province Only", "रामनवमी" ], "source": "http://rajpatra.dop.gov.np/welcome/book/?ref=24877" }, "2080": { "mm-dd": [ "cause", "type", "description", "cause_np" ], "01-01": [ "New Year 2080", "national", "Public Holiday", "नयाँ वर्ष" ], "01-02": [ "Siruwa Pawani Day", "specific", "For Jhapa, Morang, Sunsari, Siraha and Saptari District", "सिरुवा पवानीको दिन" ], "01-09": [ "Id-Ul-Fitr", "national", "Public Holiday", "ईद-उल‍-फित्र" ], "01-10": [ "Member of House of Representative By-election", "specific", "In specific areas only (Bara-2, Chitwan-2, Tanahu-1)", "प्रतिनिधिसभा सदस्य उपनिर्वाचन" ], "01-16": [ "Janaki Nawami", "specific", "In Madhesh Province Only", "जानकी नवमी" ], "01-18": [ "World Labour Day", "national", "Public Holiday", "अन्तर्राष्ट्रिय श्रमिक दिवस" ], "01-22": [ "2567<sup>th</sup> Buddha Jayanti / Uvauli Parba / Baisakh Purnima", "national", "Public Holiday", "२५६७ औं बुद्ध जयन्ती" ], "02-11": [ "Sri Rato Machchindranath's Bhoto Showing Ceremony", "specific", "For Kathmandu Valley Only", "श्री रातो मच्छिन्द्रनाथ जाह्वाला (प्वाकलं, भोटो) जात्रा" ], "02-15": [ "Republic Day", "national", "Public Holiday", "गणतन्त्र दिवस" ], "03-14": [ "Id-Ul-Ajaha (Bakar Id)", "national", "Public Holiday", "ईद-उल-अजहा (बकर ईद)" ], "03-15": [ "National Paddy Day", "specific", "In Karnali Province (Except Jumla) Only", "राष्ट्रिय धान दिवस" ], "03-29": [ "Bhanu Jayanti", "specific", "In Gandaki Province Only", "भानु जयन्ती" ], "04-01": [ "Shrawan Sankranti / Deuda Parba", "specific", "In Karnali Province Only", "श्रावण सङ्क्रान्ति / देउडा पर्व" ], "04-24": [ "International Day of the World's Indigenous Peoples", "specific", "In Koshi Province Only", "अन्तर्राष्ट्रिय आदिवासी जनजाति दिवस" ], "05-01": [ "Olke Sankranti", "specific", "In Sudurpashchim Province Only", "ओल्के संक्रान्ति" ], "05-04": [ "Karnali Province Establishment and Martyrs' Day / Naag Panchami", "specific", "In Karnali Province Only", "कर्णाली प्रदेश स्थापना तथा शहीद दिवस / नाग पञ्चमी" ], "05-07": [ "Gaura Parba", "specific", "For Particular Community / Region Only", "गौरा पर्व" ], "05-08": [ "Gaura Parba", "specific", "In Sudurpashchim Province Only", "गौरा पर्व" ], "05-11": [ "Surma Bhawani Jatra", "specific", "In Api Himal Rural Municipality Only", "सुर्मा भवानी जात्रा" ], "05-12": [ "Surma Bhawani Jatra", "specific", "In Api Himal Rural Municipality Only", "सुर्मा भवानी जात्रा" ], "05-13": [ "Gunhi Punhi / Surma Bhawani Jatra", "specific", "In Bhaktapur Municipality Only / In Api Himal Rural Municipality Only", "गुन्हि पुन्हि / सुर्मा भवानी जात्रा" ], "05-14": [ "Sa: Paru", "national", "Public Holiday", "सा पारु" ], "05-15": [ "Sa: Paru", "specific", "In Kathmandu Metropolitan City Only", "सा पारु" ], "05-18": [ "Asia Cup Cricket", "specific", "In Birgunj Metropolitan (after 2 PM) Only", "एसिया कप क्रिकेट" ], "05-20": [ "Shree Krishna Janmasthami", "national", "Public Holiday", "श्री कृष्ण जन्माष्टमी" ], "05-21": [ "Gaura Parba (Dhangadi) / Cultural Ropai Jatra (Resunga) / Bhagawati Jatra (Palpa)", "specific", "In Dhangadi Sub-Metropolitan Only / In Resunga Municipality Only / In Palpa District Only", "गौरा पर्व (धनगढी) / सांस्कृतिक रोपाइँ जात्रा (रेसुङ्गा) / भगवती जात्रा (पाल्पा)" ], "05-22": [ "Bereavement Holiday", "specific", "In Kathmandu Metropolitan City Office Only", "का.म.न.पा. वडा १६ अध्यक्ष मुकुन्द रिजाल निधन शोक बिदा" ], "05-26": [ "Bereavement Holiday", "specific", "In Ghodaghodi Municipality Office Only", "कर्मचारी छत्रा कुमारी रावत न्यूरे निधन शोक बिदा" ], "05-28": [ "Bereavement Holiday", "national", "Public Holiday", "पूर्व सभामुख सुवास चन्द्र नेम्वाङ निधन शोक बिदा" ], "05-31": [ "Badaka Attawari", "specific", "In Dang, Banke and Bardiya District Only / In Sudurpashchim Province Only / For Tharu Community of Lumbini Province Only", "बडका अत्तवारी पर्व" ], "06-01": [ "Teej", "specific", "For Ladies Only / In Lumbini Province Only", "तीज" ], "06-03": [ "Nepal Constitution Day", "national", "Public Holiday", "संविधान दिवस" ], "06-04": [ "Fatigue Holiday", "specific", "In Mandandeupur Municipality (Kavre) Only", "थकान बिदा" ], "06-07": [ "Badki Sunday", "specific", "In Tilottama and Omsatiya Municipality (Rupandehi) Only", "बड्की आइतबार (थारू)" ], "06-10": [ "World Tourism Day", "specific", "In Thakurbaba Municipality Only", "विश्व पर्यटन दिवस" ], "06-11": [ "Yenya Punhi / Prophet Muhammad's Birthday / Ananta Parba (Kailali)", "specific", "For Kathmandu Valley Only / In Lumbini and Madhesh Province Only and In Educational institutions of Nepalgunj Sub-Metropolitan City Only / In Joshipur (Kailali) Rural Municipality Only", "येँया पुन्हि / पैगाम्बर मोहम्मद जन्म जयन्ती / अनन्त पर्व (कैलाली)" ], "06-12": [ "Karam Dharma Parba", "specific", "For Urab and Jhangar Community of Koshi Province Only", "करम धर्म पर्व" ], "06-20": [ "Jitiya Parba", "specific", "For Females of Specific Community Only", "जितिया पर्व" ], "06-23": [ "Bereavement Holiday", "specific", "In Far-Western University Only", "इजरायल आक्रमणमा नेपाली विद्यार्थीको मृत्यु शोक बिदा" ], "06-28": [ "Ghatasthapana", "national", "Public Holiday", "घटस्थापना" ], "07-04": [ "Fulpati / Dashain 2080", "national", "Public Holiday", "फूलपाती" ], "07-05": [ "Kuchhi Vwya / Dashain 2080", "national", "Public Holiday", "कुछि भ्वय्" ], "07-06": [ "Maha Nawami / Dashain 2080", "national", "Public Holiday", "महानवमी" ], "07-07": [ "Bijaya Dashami / Dashain 2080", "national", "Public Holiday", "विजया दशमी" ], "07-08": [ "Dashain 2080", "national", "Public Holiday", "दसैं बिदा" ], "07-09": [ "Dashain 2080", "national", "Public Holiday", "दसैं बिदा" ], "07-19": [ "Bereavement Holiday", "specific", "In Karnali Province Only", "जाजरकोट भूःकम्पमा ज्यान गुमाएकाप्रतिको शोक बिदा" ], "07-25": [ "Falgunanda Jayanti", "specific", "For Kirat Only", "फालगुनन्द जयन्ती" ], "07-26": [ "Laxmi Puja / Tihar 2080", "national", "Public Holiday", "लक्ष्मी पूजा" ], "07-27": [ "Tihar 2080", "national", "Public Holiday", "तिहार बिदा" ], "07-28": [ "Mha Puja", "national", "Public Holiday", "म्हः पूजा" ], "07-29": [ "Kija Puja / Tihar 2080", "national", "Public Holiday", "किजा पूजा" ], "07-30": [ "Tihar 2080", "national", "Public Holiday", "तिहार बिदा" ], "08-03": [ "Chhath Parba", "national", "Public Holiday", "छठ पर्व" ], "08-04": [ "Chhath Parba", "specific", "In Banke, Kapilvastu, Nawalparasi, Rupandehi District (Lumbini Province) and Madhesh Province Only", "छठ पर्व" ], "08-10": [ "Dehijat Mela", "specific", "In Dasrathchand and Melauli Municipality (Baitadi) Only", "देहीजात मेला" ], "08-11": [ "Dehijat Mela / Wodangmet / Kartik Poornima", "specific", "In Dasrathchand and Melauli Municipality (Baitadi) Only / In Dhankuta Municipality Only / In Sabaila Municipality (Dhanusa) Only", "देहीजात मेला / वडाङ्मेट / कार्तिक पूर्णिमा" ], "08-12": [ "Wodangmet", "specific", "In Dhankuta Municipality Only", "वडाङ्मेट" ], "08-15": [ "Guru Nanak Jayanti", "specific", "For Nepalese Sikhs Only", "गुरु नानक जयन्ती" ], "08-17": [ "International Disability Day", "specific", "For Disabled Employees Only", "अन्तर्राष्ट्रिय अपाङ्गता दिवस" ], "09-01": [ "Vivaha Panchami", "specific", "In Madhesh Province Only", "विवाह पञ्चमी" ], "09-09": [ "Christmas Day", "national", "Public Holiday", "क्रिसमस डे" ], "09-10": [ "Yomari Punhi / Udhauli Parba", "national", "Public Holiday", "यः मरी पुन्हि" ], "09-15": [ "Tamu Loshar", "national", "Public Holiday", "तमू ल्होसार" ], "09-26": [ "Bhuwa Parva", "specific", "In Sudurpashchim Province Only", "भुवा पर्व" ], "09-27": [ "Prithvi Jayanti", "national", "Public Holiday", "पृथ्वी जयन्ती" ], "10-01": [ "Maghe Sankranti", "national", "Public Holiday", "माघे सङ्क्रान्ति" ], "10-05": [ "Balidani Diwas", "specific", "In Madhesh Province Only", "बलिदानी दिवस" ], "10-21": [ "Lumbini Province Establishment Day", "specific", "In Lumbini Province Only", "लुम्बिनी प्रदेश स्थापना दिवस" ], "10-27": [ "Sonam Lhosar", "national", "Public Holiday", "सोनम ल्होसार" ], "11-02": [ "Saraswati Puja", "specific", "For Educational Institution Only", "सरस्वती पूजा" ], "11-04": [ "Gandaki Province Establishment Day", "specific", "In Gandaki Province Only", "गण्डकी प्रदेश स्थापना दिवस" ], "11-07": [ "National Democracy Day", "national", "Public Holiday", "राष्ट्रिय प्रजातन्त्र दिवस" ], "11-25": [ "Maha Shivaratri / International Women's Day", "national", "Public Holiday", "महा शिवरात्री" ], "11-28": [ "Gyalpo Lhosar", "national", "Public Holiday", "ग्याल्पो ल्होसार" ], "12-11": [ "Holi (Hilly Area)", "specific", "In 56 Hilly Districts", "होली" ], "12-12": [ "Holi (Tarai Area)", "specific", "In 21 Southern Districts", "होली" ], "12-13": [ "Holi (Madhesh Province)", "specific", "In Madhesh Province Only", "होली" ], "12-19": [ "Khakhadehara Festival", "specific", "In Sudurpashchim Province Only", "खखडेहरा पर्व" ], "12-26": [ "Godhe Jatra", "specific", "For Kathmandu Valley Only", "घोडे जात्रा" ], "12-29": [ "Id-Ul-Fitr 2024", "national", "Public Holiday", "ईद-उल‍-फित्र २०२४" ], "source": "नेपाल राजपत्र भाग ५ संख्या ६५ खण्ड ७२ (२०७९/१२/०२)", "special_note": "माथिका बिदाहरूमध्ये बुद्ध जयन्ती, श्री रातो मच्छिन्द्रनाथ भोटो जात्रा, गणतन्त्र दिवस, रक्षाबन्धन, सा पारु, श्रीकृष्ण जन्माष्टमी, येँया पुन्हि, घटस्थापना, क्रिसमस डे, यः मरी पुन्हि, तमू ल्होसार, पृथ्वी जयन्ती, माघे सङ्क्रान्ति, सोनम ल्होसार, जनयुद्ध दिवस, राष्ट्रिय प्रजातन्त्र दिवस, महा शिवरात्री, ग्याल्पो ल्होसार, ईद-उल‍-फित्र, ईद-उल-अजहा, घोडे जात्राका दिनमा केही सार्वजनिक निकायहरूमा सेवा प्रवाह हुने" }, "2081": { "mm-dd": [ "cause", "type", "description", "cause_np" ], "01-01": [ "New Year 2081", "national", "Public Holiday", "नयाँ वर्ष" ], "01-02": [ "Siruwa Pawani Day / Judsital Parva (Mithilanchal)", "specific", "For Jhapa, Morang, Sunsari, Siraha and Saptari District / In Madhesh Province Only", "सिरुवा पवानी / जुडशीतल पर्व (मिथिलाञ्चल)" ], "01-04": [ "Chaite Dashain", "specific", "In Gandaki Province Only", "चैते दशैं" ], "01-05": [ "Ram Nawami", "national", "Public Holiday", "राम नवमी" ], "01-11": [ "Qatar Emir Moussuf Sheikh Tamim Bin Hamad Al Thani State Visit", "national", "Public Holiday", "कतारका अमिर मौसूफ शेख तमिम बिन हमाद अल थानी राजकीय भ्रमण"], "01-12": ["Gorkha Earthquake Memorial Day", "specific", "In Barpak Sulikot Rural Municipality Only", "गोरखा भूकम्प स्मृति दिवस"], "01-19": [ "World Labour Day", "national", "Public Holiday", "अन्तर्राष्ट्रिय श्रमिक दिवस" ], "01-24": [ "Provincial Holiday Day", "specific", "In Bagamati Province Only", "प्रदेश बिदा" ], "02-10": [ "2568<sup>th</sup> Buddha Jayanti / Uvauli Parba / Baisakh Purnima", "national", "Public Holiday", "२५६८ औं बुद्ध जयन्ती" ], "02-15": [ "Republic Day", "national", "Public Holiday", "गणतन्त्र दिवस" ], "05-03": [ "Rakshyabandhan", "national", "Public Holiday", "रक्षाबन्धन" ], "05-04": [ "Sa: Paru", "specific", "In Kathmandu Valley Only / For Newar Community Only", "सा पारु" ], "05-10": [ "Shree Krishna Janmasthami / Gaura Parba", "national", "Public Holiday / For Specific Community Only", "श्री कृष्ण जन्माष्टमी" ], "05-21": [ "Teej", "specific", "For Ladies Only", "तीज" ], "06-01": [ "Yenya Punhi", "specific", "For Kathmandu Valley Only", "येँया पुन्हि" ], "06-03": [ "Nepal Constitution Day", "national", "Public Holiday", "संविधान दिवस" ], "06-09": [ "Jitiya Parba", "specific", "For Females of Specific Community Only", "जितिया पर्व" ], "06-17": [ "Ghatasthapana", "national", "Public Holiday", "घटस्थापना" ], "06-24": [ "Fulpati / Dashain 2081", "national", "Public Holiday", "फूलपाती" ], "06-25": [ "Kuchhi Vwya / Dashain 2081", "national", "Public Holiday", "कुछि भ्वय्" ], "06-26": [ "Maha Nawami / Dashain 2081", "national", "Public Holiday", "महानवमी" ], "06-27": [ "Bijaya Dashami / Dashain 2081", "national", "Public Holiday", "विजया दशमी" ], "06-28": [ "Dashain 2081", "national", "Public Holiday", "दसैं बिदा" ], "07-15": [ "Laxmi Puja / Tihar 2081", "national", "Public Holiday", "लक्ष्मी पूजा" ], "07-16": [ "Tihar 2081", "national", "Public Holiday", "तिहार बिदा" ], "07-17": [ "Mha Puja", "national", "Public Holiday", "म्हः पूजा" ], "07-18": [ "Kija Puja / Tihar 2081", "national", "Public Holiday", "किजा पूजा" ], "07-19": [ "Tihar 2081", "national", "Public Holiday", "तिहार बिदा" ], "07-22": [ "Chhath Parba", "national", "Public Holiday", "छठ पर्व" ], "07-25": [ "Falgunanda Jayanti", "specific", "For Kirat Only", "फालगुनन्द जयन्ती" ], "08-18": [ "International Disability Day", "specific", "For Disabled Employees Only", "अन्तर्राष्ट्रिय अपाङ्गता दिवस" ], "08-30": [ "Yomari Punhi / Udhauli Parba / Guru Nanak Jayanti", "national", "Public Holiday / For Nepalese Sikhs Only", "यः मरी पुन्हि / गुरु नानक जयन्ती" ], "09-10": [ "Christmas Day", "national", "Public Holiday", "क्रिसमस डे" ], "09-15": [ "Tamu Loshar", "national", "Public Holiday", "तमू ल्होसार" ], "09-27": [ "Prithvi Jayanti", "national", "Public Holiday", "पृथ्वी जयन्ती" ], "10-01": [ "Maghe Sankranti", "national", "Public Holiday", "माघे सङ्क्रान्ति" ], "10-16": [ "Martyr's Day", "national", "Public Holiday", "सहिद दिवस" ], "10-17": [ "Sonam Lhosar", "national", "Public Holiday", "सोनम ल्होसार" ], "10-21": [ "Saraswati Puja / Basanta Panchami", "specific", "For Educational Institution Only", "सरस्वती पूजा / वसन्त पञ्चमी" ], "11-04": [ "Gandaki Province Establishment Day", "specific", "In Gandaki Province Only", "गण्डकी प्रदेश स्थापना दिवस" ], "11-07": [ "National Democracy Day", "national", "Public Holiday", "राष्ट्रिय प्रजातन्त्र दिवस" ], "11-14": [ "Maha Shivaratri", "national", "Public Holiday", "महा शिवरात्री" ], "11-16": [ "Gyalpo Lhosar", "national", "Public Holiday", "ग्याल्पो ल्होसार" ], "11-24": [ "International Womens Day", "national", "Public Holiday", "अन्तर्राष्ट्रिय महिला दिवस" ], "11-29": [ "Holi (Hilly Area)", "specific", "In 56 Hilly Districts", "होली" ], "12-01": [ "Holi (Tarai Area)", "specific", "In 21 Southern Districts", "होली" ], "12-16": [ "Godhe Jatra", "specific", "For Kathmandu Valley Only", "घोडे जात्रा" ], "mm1-dd1": [ "Sri Rato Machchindranath's Bhoto Showing Ceremony", "specific", "For Kathmandu Valley Only", "श्री रातो मच्छिन्द्रनाथ जाह्वाला (प्वाकलं, भोटो) जात्रा" ], "mm2-dd2": [ "Prophet Muhammad's Birthday", "specific", "For Muslim Community Religion Only", "मोहम्मद जन्म जयन्ती" ], "mm4-dd4": [ "Id-Ul-Ajaha (Bakar Id)", "national", "Public Holiday", "ईद-उल-अजहा (बकर ईद)" ], "source": "नेपाल राजपत्र भाग ५ संख्या ५४ खण्ड ७३ (२०८०/१०/२९)", "special_note": "माथिका बिदाहरूमध्ये राम नवमी, बुद्ध जयन्ती, रक्षाबन्धन, श्रीकृष्ण जन्माष्टमी, घटस्थापना, क्रिसमस डे, यः मरी पुन्हि, तमू ल्होसार, माघे सङ्क्रान्ति, सोनम ल्होसार, महा शिवरात्री, ग्याल्पो ल्होसार, ईद-उल‍-फित्र, ईद-उल-अजहा, सा पारु, येँया पुन्हि, श्री रातो मच्छिन्द्रनाथ भोटो जात्रा, घोडे जात्रा, गणतन्त्र दिवस, सहिद दिवस, राष्ट्रिय प्रजातन्त्र दिवस, अन्तर्राष्ट्रिय महिला दिवस, पृथ्वी जयन्तीका दिनमा नागरिकता, राष्ट्रिय परिचयपत्र तथा पञ्जिकरण, राहदानी, कन्सुलर, भन्सार तृा राजस्व (अनुसन्धान समेत), क्वारेन्टाइन, सवारी अनुमतिपत्र, नविकरण, प्रदुषण जाँच, उद्योग, वाणिज्य र कम्पनी, वैदेशिक रोजगार, मालपोत, नापी, भेटेरिनरी, खानेपानी, विद्युत, सडक, ढल, मर्मत, खाद्य तथा गुणस्तर, वैदेशिक अध्ययन अनुमति, नेपाल प्रहरी चारित्रिक प्रमाणपत्र, बैंक तथा वित्तीय संस्था, अस्पताल, दूरसञ्चार, शैक्षिक परीक्षा सेवाहरू नियमित सेवा प्रवाह हुने" }, "compiled_by": "Brihat Ratna Bajracharya", "holiday_types": [ "national", "specific" ], "start_year": 2076, "end_year": 2081, "description_types": [ "For Disabled Employees Only", "For Educational Institution Only", "For Females of Particular Religion Only", "For Females of Specific Community Only", "For Jhapa, Morang, Sunsari, Siraha and Saptari District", "For Kathmandu Valley Only", "For Kathmandu Valley or Particular Community Only", "For Kirat Only", "For Kirat Only and/or Province 1 Only", "For Ladies of Particular Religion Only", "For Ladies Only", "For Nepalese Sikhs Only", "For Nepalese Sikhs Only and In Dharan Municipality Offices Only", "For Newar Community Only", "For Newar Community Only or In Kathmandu Valley Only", "For Particular Community Only", "For Particular Community / Region Only", "For Particular Religion Only", "In 21 Southern Districts", "In 56 Hilly Districts", "In Bhaktapur Municipality Only", "In Gandaki Province Only", "In Kathmandu Metropolitan City Only", "In Koshi Province Only", "In Lumbini Province Only", "In Madhesh Province Only", "In Province 1 and Madesh Province Only", "In Province 1 Only", "In Specific Province Only", "In specific areas only (Bara-2, Chitwan-2, Tanahu-1)", "Public Holiday" ] }
